Product,Optimal_Production
Apples,342.50304
Bananas,327.75597
Bread,373.23352
Carrots,281.85006
Cereal,348.75089
Cheese,335.39854
Chicken Breast,390.73854
Eggs,347.33037
Ground Beef,0.0
Milk,307.70803
Onions,351.35276
Orange Juice,342.62651
Pasta,318.87101
Potatoes,366.59087
Rice,327.10648
Salmon,346.70879
Tomatoes,379.53817
Yogurt,352.67116
